Sample_name,PC 1,PC 2,PC 3,PC 4,PC 5,PC 6,PC 7,PC 8,PC 9,PC 10,PC 11,PC 12,PC 13,PC 14,PC 15,PC 16,PC 17,PC 18,PC 19,PC 20,PC 21,PC 22,PC 23,PC 24,PC 25,PC 26,PC 27,PC 28,PC 29,PC 30,PC 31,PC 32,PC 33,PC 34,PC 35,PC 36,PC 37,PC 38,PC 39,PC 40,PC 41,PC 42,PC 43,PC 44,PC 45,PC 46,PC 47,PC 48,PC 49,PC 50,PC 51
gorUSNM174715_LM1,495.03320534177226,-13.749216592997913,8.973034552814656,-36.584400581661974,0.34220535551386,4.765266286408133,-13.97997445461308,1.9006752781749034,-28.35198926752028,-37.65727214660407,-11.472786648539117,-13.273488315436456,-1.223344666228295,3.339533616889116,-2.21799077111896,-5.455290438773574,-18.809881331860865,3.934527422601735,15.335252495680908,2.3876273394838625,5.054348395912127,-8.375230000119547,-6.576123930897592,-8.385605099488252,13.479477151013509,3.6100613566306867,0.48386726083303344,-12.469389350793262,13.218012292311213,9.565262453324237,0.4807864111097734,12.344583839428692,6.076686867474266,4.895858798849124,16.716823566686973,3.7928155612864796,-2.8088739913638614,12.823915890507664,-10.57116940518176,0.42790449783821805,8.529298822212908,5.68477123586497,-8.794659964147069,8.867152914515778,-3.187467634576879,4.431651103564962,-2.622581900467493,-2.702215852658649,4.096175573499787,3.0813428318595597,-4.75176399114821
gorUSNM174722_LM1,484.6062678735632,-7.171947954494955,10.92873301460145,-25.36537467594983,-12.931164641978782,-2.1408372306670667,-2.555957948400132,9.801488493008303,-23.08265111580632,-32.0999712407298,-13.407171218404113,-24.993611016361175,1.5469136026753452,12.372286869424533,-0.44139307299576064,-5.783082363592563,-13.682174450701947,9.442638933739993,18.786789256051954,7.122910686654036,7.164102396130252,-7.954086114773708,-4.0631761502223105,-1.600725557225703,14.584431892469071,-0.9924620324408213,-1.2312830225835316,-17.885238727272206,14.437863953262722,2.4440788819024237,-1.9150055082518658,11.074075292214923,9.301576580375542,2.7099257471417215,15.418510682100559,2.8321812687383385,-1.061981345762821,13.019566910488097,-9.31755747973176,-0.7690884585464637,8.948572720104494,6.806054992755652,-7.510888776995945,8.141837822031352,-4.091958601922345,3.4983751913764665,-2.4106589568983314,-3.362516408921797,5.613128141122685,2.4399943823340102,-4.751763991148216
gorUSNM176209_LM1,501.38099919561046,5.450823864327732,72.65977481193453,-29.380012484990434,-1.1162435767892163,7.3696492759588015,-15.791145695268673,4.615325377594722,-31.343516626144925,-41.49502431027043,-4.784244616300873,-16.117887372940704,11.386012257458251,14.184938906927007,-3.950530938874714,-0.6234392074091706,-11.855427042099405,3.4776211536094377,14.821223479844711,5.168050156551944,5.465357122755089,-9.247771419012292,-9.606103160172355,-4.030828803106128,10.27905773970693,1.186446954537403,-2.8149555418894403,-14.947241982235568,12.984687139588782,3.382865891724938,-0.6938067798134019,11.230478012971068,6.789305697247117,4.027936400138914,13.391288056109632,3.9877405292987285,-1.718792369879044,12.500252098507037,-10.235322731721405,-1.6412861612824865,8.813010107367958,5.222829266464305,-7.591383789342742,8.023974736568029,-2.3300477527569954,3.4862384797503028,-2.742317987259301,-3.4826952018404342,5.246266692599141,2.6677151951584808,-4.751763991148085
gorUSNM176211_LM1,498.445607924724,-2.7021692348094044,16.16002295694691,-45.162109812896226,3.624509178738574,10.153190471664587,-9.77475639139272,-2.185578309049366,-37.3458015636502,-41.91439345569434,-7.9619271266990035,-26.12144576235942,0.16150419863800353,17.654963306451307,3.014651784133272,-3.8188564916590733,-13.786134907150023,7.925637099858333,16.935278888490213,8.027527566061279,1.22410083618318,-9.78626173115614,-5.459867840455279,-3.6868866204247306,17.007880299935405,-2.2883688627308656,-3.758739088032022,-14.545492717180327,6.476434267149745,6.0203169065879205,-0.09181457874942855,9.121854532285399,5.205921592240298,6.203978828471867,14.473255857773633,5.7145663339399135,-1.9824249618916654,14.647935699360309,-9.913045518089802,0.6215549691040949,8.213113810311633,6.076000645787856,-8.110981475302061,7.652799919643024,-3.4279554903678067,4.1104431294658905,-2.9922558935765657,-3.135896435129058,5.998812298547158,2.5945214888110817,-4.751763991148161
gorUSNM176216_LM1,494.9825435659136,-2.4050846471093,37.56470962815156,-38.80962732522931,-5.226585876361048,8.993407958141065,-6.921804142788516,17.686962401549998,-27.765016368990675,-41.11673939552869,-7.184451661294919,-23.281816533723728,-3.4735698529392067,8.79622278355095,-1.0762318754762348,7.711846933978052,-15.841966393750752,10.68049924932645,17.322312976467696,7.71027524572817,3.9974706905964563,-10.883567499308242,-3.6520819082930975,-5.88555354366418,12.206670214948396,-2.0052173420643293,-5.322795412762965,-14.143671863980797,12.884168473420889,6.530247135197817,2.0117885065318974,10.67097688094102,8.496497843294543,5.7465301519781935,15.158834756853766,6.290552383056507,-3.518094253891789,8.66391784446652,-10.460473348218617,0.9743203644581029,7.139868398012302,6.854589005837429,-6.599953225703183,8.335867843142058,-3.000031932346984,4.823846552314759,-2.6504417586095594,-3.280052258603099,4.659992708062784,2.6958696144507748,-4.7517639911481435
gorUSNM176217_LM1,544.6153641430602,13.257938788062651,27.008010690426904,-32.449599355239066,7.7187585163629056,1.181111450857802,-2.1723779943406067,-8.0994029093515,-32.48208815405854,-40.437863957830075,-8.835361774711892,-16.959543030198724,-4.626661913346463,11.835442965437817,5.748110085690475,6.443117895106123,-10.037189405561296,4.812228454977639,19.486008818020238,8.472551516704476,8.958816264906384,-7.1533021322107,-6.690711296235129,-6.253901955402165,9.576303339703646,1.9550722659051312,-0.9098893662052912,-15.776432555620087,10.255324938804513,1.4957748080635538,0.7380306430128816,12.505106197430223,7.577188014383379,5.199629213483634,17.24210665512534,2.657757325589275,-1.1913626831513808,11.196770404046266,-9.670017131638232,0.7996187536746864,8.60753545462332,7.249097373753055,-6.4856794621651845,9.06882285060241,-3.4501385450503568,3.5597787726722476,-2.422322038900551,-1.688685915279235,5.059718708525397,2.7511248582545345,-4.751763991148129
gorUSNM220060_LM1,392.3405297545224,-14.055328298016445,17.981872698306546,-30.91387967390392,5.645915115500975,7.0875635276550275,-5.3489530012137845,5.226290758806314,-21.624135091618438,-42.07520129236648,-9.362614241429881,-12.424534259788206,-0.7134949968695176,10.625892348511814,3.176971509760727,1.6443783478265188,-10.56409383639395,3.3894408730239225,9.736193392407632,7.817467948050771,3.8691437353873965,-6.257387868093453,-8.236334635499992,-11.302880823700244,16.299884372121138,-4.200176147213917,-5.7060905973461,-15.122480230012508,11.599846642962024,1.4922076795986525,0.11622119658919361,9.980870408973848,9.1779012498225,2.206902156926588,13.64722310778152,3.399689290466868,-2.8495639040608625,12.120068908866042,-8.350069168637884,1.8967801742138664,9.704899353067077,5.135661987387831,-8.54033706219689,8.069970296247128,-3.3298630563198417,4.751493898732656,-2.571860351498576,-3.495033045246692,5.4975194708511905,2.6541306786942256,-4.7517639911482314
gorUSNM220324_LM1,508.42383080369257,7.846746638137616,11.642864155616495,-19.45059608140094,-5.980105658523911,-7.073084009664992,-22.154893774394843,4.082435341688814,-31.3535634591251,-40.13513720849992,-10.317856938890282,-13.920192144700927,0.48480905626582077,20.52428281787104,-4.597638272780659,0.48437299822077173,-14.410215089641817,8.285349987040835,21.291596358020648,7.23006738849109,4.485558999162713,-9.190191494340027,-6.265020423939038,-12.148912532099448,16.279949960264126,0.83404641742193,-4.438146845989848,-12.791857523891428,12.33881082506719,3.781327471855674,2.623238825901085,10.577686086081272,8.855826238323722,4.42738692548018,14.411128726194622,3.247763042418725,-2.4812218933268975,12.477909596147281,-10.094581835832162,0.8447479932394355,6.2866153369737034,6.173051250425413,-6.758576115152203,7.087275919532887,-2.3880434072910877,3.7706207150416033,-2.887936066727403,-1.8704372169378882,5.760526031109935,2.1510561766902576,-4.7517639911481595
gorUSNM252575_LM1,407.4176136852115,2.0832326809452777,34.22700759781784,-19.3804244511984,-5.144978225878879,3.550945702020581,-10.969249867078718,0.4968712222869076,-26.321657893155088,-41.184701237804276,-18.459497398070592,-15.966584333612753,-9.818107641492965,14.758285497252025,-8.406903611967525,1.6539471281432765,-14.886352557750293,4.971594931625827,13.313148203212537,4.8555334721590455,0.9820947296476327,-12.420904420895498,-9.628683986707088,-4.3947826702674755,11.81559769901792,-4.785274735377313,-1.8103912837677716,-16.135179380703182,9.996137463249074,2.2411708090401676,0.034904352211365786,9.619304361801882,6.958807624618095,7.459510552209599,16.871447045719155,3.3481293258690594,-1.5166737106268007,13.674254090220009,-10.843454526575158,0.23313317504858966,6.782142983616249,5.8282449800381055,-6.979108907680635,9.01720443813756,-4.004002814201026,3.8140354094668,-2.419432189579463,-3.7166334334424196,4.147926277688112,3.055874358213751,-4.751763991148259
gorUSNM252577_LM1,427.55543289381717,-11.693202672877566,28.0635891847535,-19.688587909393107,7.034599348593604,16.956259785025548,-8.939428723090659,13.069645913286342,-28.47539074603014,-36.5524719934182,-11.27078118696238,-14.038507244031937,-6.219898816563188,17.01500226524022,-0.24288240851341275,2.69867888850195,-12.192762864631177,5.683388908215132,16.70528452725503,8.598208097106165,6.148296450505364,-0.4905682145372181,-5.084857237119412,-3.8552096559024918,17.952126836112697,-0.9854136428321265,0.2747997678811477,-12.835085678689694,12.360530405767404,6.2959326574996775,0.3283272822965403,12.110248594077252,6.461554836457693,6.098935475211143,14.998201491899456,3.233038690732756,-1.0877052638702231,12.745679412363542,-12.035411910753428,-1.09743377800284,8.278007525927691,4.986169657180045,-6.2881013155868155,9.218980424351308,-2.474533182543368,3.4595157663990674,-4.108508239332963,-2.7117210042887665,5.796226593113469,2.152348765941655,-4.751763991148375
gorUSNM252578_LM1,413.12444035388125,-17.3638199015244,7.051950520722851,-22.51240237354404,-7.966917524059439,8.305730337644231,-27.44531292478907,2.679806829426991,-36.048785553269084,-34.75623426669319,-1.592242063993681,-18.739009900162852,-4.092800874155831,10.387486636619872,3.4841300221688964,3.97434678434412,-11.268232768925454,1.3336003847903881,17.413669936663595,9.80556795990656,5.804711846495851,-11.660115298751366,-10.218311024948243,-4.168613826831669,15.389837856604222,-2.348028857155086,-3.88499954603212,-18.804836403734953,13.933904775692014,5.237910037837431,-1.6035609346317665,10.714837658104873,6.7664073847616955,3.3211640477317594,17.25176508176913,4.758470803211355,-0.29931668885730606,11.518242455256999,-10.21963434087773,0.07928661534938297,7.715683390914651,6.454537414535608,-7.588682578050443,9.138755766981967,-1.9637763962271657,4.727314774901736,-3.1495682689738596,-3.480973593817968,5.338504424828141,2.9471711558436153,-4.75176399114825
gorUSNM252580_LM1,436.91626928057366,-1.53516710386168,15.392143747623006,-36.427385299779935,1.6198826968615272,5.289007539244981,-19.602829519093966,5.51069596600708,-28.824862891100263,-46.73254595190352,-22.573524725984054,-8.024420388184588,1.5163012870885333,16.408461005403737,5.721158779285808,5.665094833417054,-11.316340182894878,7.719925059404839,20.867621735982986,7.70692009917481,7.114363473855903,-11.147061801056251,-5.836478766794922,-1.5088193890427464,13.018855969149023,-1.6176724590767693,-0.3826847516340486,-16.416329163352902,12.99798337307011,6.937721317019809,-0.20759493857750022,12.345001370271794,9.516980879343755,4.3642262245541525,13.275661864118202,6.1014741028725314,-1.361616124473537,13.302751880712632,-9.971627423469494,0.2554917153435319,8.34497214969383,4.7751880198855785,-8.024485112103468,8.152692869762923,-3.5466497869305065,4.595195775145959,-1.4605342412994433,-3.4431278133617975,4.642569138563769,2.3452555918931552,-4.751763991148265
gorUSNM297857_LM1,510.0838262960827,3.1404762718213117,26.661138197266055,-12.403726573597988,-2.4876946688693096,-0.8211344155368369,-15.655744774322983,6.71748733448351,-33.67252247786381,-29.653681129328454,-13.265811757102421,-17.446901649247206,2.9679865893415887,10.519586783092713,3.115748238965624,4.12177260607155,-11.22826516916782,6.158217928442953,10.199003170367826,11.067280095564705,0.35831799181588453,-5.381793778534323,-3.746395600424223,-6.3687463019265165,10.08470321365168,-2.8545353451881503,-0.24246409574806238,-17.479552397562394,11.404527609538505,6.681315195738636,0.38627954131690867,12.202958258790412,6.083264526265401,6.691495320446866,12.726868585683068,5.294794002607647,-2.9104706662298976,13.912270883394918,-10.827823836481704,2.128248684551823,8.393324384392807,7.733540604172384,-8.596381355396984,8.018087488991224,-2.9829595423905477,4.045337939456785,-1.9816749247137706,-2.2021012625583394,5.017412653876945,2.2772858797064863,-4.751763991148427
gorUSNM582726_LM1,438.2229433641077,1.8885859829936371,60.049570073201615,-39.86176990185602,-1.532074196857284,16.620987523976684,-23.90248157013434,-3.7950701262938917,-31.58436808433143,-24.851058540672515,-19.494991301093634,-16.636187803084702,-4.688530998511891,11.183463498183817,0.7577016105745815,2.023841448017657,-14.157152097574158,9.616348301718766,17.823329928447794,6.176096735283281,4.672717948348338,-6.420571136165209,-4.52291150892617,-7.259131442174433,16.075640547149895,-1.9731260575045586,-3.016593877426497,-14.77659166745308,11.875314652046972,4.418128136158283,-1.1400957080816512,11.428071578625667,9.750260878927355,3.5404889585835146,16.205288815977593,2.7301318046581198,-2.61135560137489,12.134128159213612,-8.308771854958533,0.6417238798470464,7.158113465976185,6.9956681721959795,-8.284105853798886,7.784194769855336,-3.1861271880571054,3.928171740167435,-2.375389951879711,-2.9840860241147533,5.599978275492577,2.454769496432583,-4.751763991148231
gorUSNM590942_LM1,407.6757360925733,-5.1571200151017695,23.156618327223065,-35.29202122304294,-2.3413603103898897,4.970124257812765,-14.169097640272298,9.60742738428438,-26.36934701884002,-34.870217983307015,-21.569476822767786,-14.993652580278921,-0.5093907104597043,11.690687895850221,0.3255089003087045,-0.9544194917963473,-15.441446438314562,5.0841938621828255,14.030636336914874,10.922436208864989,5.701364217962463,-5.40949063945765,-8.897722415117197,-4.491653342949626,11.651222694773102,2.5513919260639364,-3.4980010718955916,-17.01219901710109,7.927638755745708,3.2480590361378345,2.341949494012564,8.487208544381911,5.059270783942,1.340306495939947,15.2578122013845,7.618320876090333,-1.0808423196936432,11.780637760757134,-9.1040384116097,-0.7069014238736571,6.715696646158929,6.524988805660688,-6.414814730335824,8.156776320803745,-1.835373145837464,3.835459647070038,-2.87988916285216,-1.4877808147706335,5.246688566490873,3.788006798911373,-4.751763991147898
gorUSNM590947_LM1,403.4790126163604,-18.605717734443502,5.8038219630386285,-38.69782592491154,-3.548990530629397,12.696592220585456,-21.217482817005482,7.930035569850357,-33.344269135119966,-36.168956246693654,-10.166114280424637,-12.185625890931956,-2.7376694815712534,12.031526065304504,-3.5465300204953434,0.731546514093874,-13.120191475147173,4.514911466903421,16.625629812278014,10.060878446703136,3.6946689784887656,-11.367749229102078,-0.14927558247115913,-4.383149237004448,7.260248184589181,-0.9723821407117563,-3.976870338790069,-14.406422333700098,11.105487885061251,2.617237542344207,0.15570691878930099,12.210942163117755,5.74322225523901,4.404752788471702,13.190237513206307,0.9961137775157314,-4.203026812181727,12.97174070003646,-8.557281246316307,0.5728828788395812,9.407949230371386,5.626899213946109,-5.627737734224448,8.517666025261983,-3.6647749259221474,2.7699896061258045,-3.053290388636745,-2.922725329934554,5.811117944223985,3.138467797227094,-4.7517639911480245
gorUSNM590951_LM1,414.6945272983182,-7.374184413183275,22.407062170556504,-34.2084876488551,-8.842593219374951,4.431560928996933,-12.105488691448793,-0.015599663900571326,-31.238373822599875,-40.59618676614883,-15.51079973217594,-15.266796200194142,1.4165869782658524,10.27053016452927,1.6951595505637742,0.10670205670529143,-9.096884765270602,-0.3376386439062574,14.207365542191084,4.480734023362673,1.862694547617484,-6.540432315744199,-5.459587910377432,-3.2301485375205097,17.34400856401283,1.3488611683359975,-5.299823290440849,-18.49388491058842,9.244306211526444,7.132644870969883,2.209532434933264,12.652819854384358,8.678749586062967,4.181004209399264,13.519571796246662,1.9776650686002668,-2.4923689406445484,9.307004787203201,-12.699396732625493,0.5150846277358925,6.601132815372735,7.474138518270825,-6.288548248104536,7.534450977590839,-3.7576339152572373,2.2897496062220553,-2.5745040005236075,-3.790916529982687,5.089405004370127,2.2206967472122017,-4.751763991148023
gorUSNM590953_LM1,494.05804029481965,3.162292317796802,38.23650069627331,-28.791824232891063,-19.87363398732798,1.5333802774616654,-14.415283023836047,14.176232883076334,-37.027059696987855,-41.04924247488254,-15.587578209760036,-21.235777435245755,-5.080726889530303,15.895171303229224,3.5550593765431504,6.490408883430761,-8.766818685370477,3.851766735360714,15.404934554581354,6.079020460708229,4.988214770645754,-7.262203981104502,-7.129414482994424,-7.3508804189905685,15.493414233625089,1.3028142798909552,-2.614926000385032,-11.74478583235207,9.722873156931032,6.551960877876468,0.0790189201872824,11.423346572130681,5.212473904445816,1.490906658036553,15.994050283583977,2.8517514329680775,-2.0627655729919834,13.456263228795052,-8.648144851090855,1.1175426671568205,9.26894146861592,5.434448910537581,-8.33393028201228,9.280511032676628,-4.424647487433429,2.7785595511555474,-2.2329741641185663,-3.2117166649781215,4.825239101844593,3.704855012615727,-4.751763991148002
gorUSNM590954_LM1,414.0948753618657,-13.3119088977906,20.400889672437124,-36.811539293578605,-14.239309191899606,7.399840518205856,-10.932327374308747,1.7526298229872306,-35.00590896548813,-45.81230131546054,-14.64049782682991,-20.306474947549802,-5.255411083331764,14.263009248685043,-3.642465800210098,3.095876818242178,-16.265275838366307,2.2558707054625398,10.023601877135462,14.539994650913435,7.117210793308011,-7.3934700299481655,-7.4194485607945015,-5.4050492233527745,12.304510595471061,0.07021111030425287,0.146174922684704,-13.07003949393057,12.282407350578971,4.4795269391029,-0.3144413898711539,13.504228922724451,8.313381442080516,4.8315802933433165,14.752891817518178,3.5710670189166085,-2.386135300880406,11.415286885898379,-8.604946006719615,-2.0864063422130505,7.269867305138916,7.0944426331215915,-9.306713742153214,6.795376892272467,-2.8772917249748593,4.262395546428134,-2.8784156906147667,-2.5035299117326106,5.608700819472871,1.0475943178423122,-4.751763991148245
gorUSNM599165_LM1,423.84302842183115,-9.289563592559038,12.792632941807579,-16.818253903947028,4.84393092616952,11.934875720485593,-14.708857706859673,3.5327489161262458,-36.312875575119406,-39.493429355137835,-9.597853154131172,-16.205950910699222,-2.7557622336844307,10.556056165850471,-0.17529357700302228,2.035181187197821,-15.653485287332344,12.558369651833932,13.730306167055943,7.308880707476152,5.250200617804845,-7.520414314248714,-6.907388863110816,-3.9434545894189457,11.016876938817255,2.8510904423189785,-6.159525799104825,-10.937901502856608,10.473598833175522,2.337640429302862,-1.521788527694509,12.186215901160494,8.743929718333803,1.5695358945920306,13.40700652855334,5.506758077849616,0.1288879925389702,12.225819091619538,-11.815514738286685,0.7655081189353452,6.285233822118238,7.020371790134641,-9.084605711844752,8.437755203315906,-4.6282457534616865,2.515180015772992,-2.591745471189589,-3.809605122017154,4.833553375023025,2.680923307549705,-4.751763991148046
gorUSNM599166_LM1,443.83338347795484,-7.293352085354926,21.45239758260307,-36.8746308872139,-1.1006511425524987,5.887308924427854,-13.232969520026826,0.65281328904262,-18.34684549081336,-37.304957866397714,-12.271843060028338,-17.914144457191025,1.9498567018058583,16.32292370597476,-5.893361283145662,4.622619165513553,-7.898815611271944,7.027340024621509,18.230022003552282,13.076989913027411,3.4035996607000856,-6.8038925000078585,-4.417627767625776,-6.404728096631078,9.999557798739936,-1.3411135215322147,-5.490543306652603,-13.891850548584458,10.824692917253461,8.416894158169832,0.6623636443805716,11.189163205989516,4.498117616319931,2.0391561382565406,17.049661623804727,1.3180581902006299,0.1655676873867883,12.326830757077238,-12.488985890320595,-0.11730306930409262,7.493342804564753,6.778433756506572,-9.364360395920412,8.495801226442378,-3.1210535448754206,4.6390231944155955,-1.8011377323713074,-3.5715597566159216,5.642802251202189,2.6887260860575926,-4.751763991148114
gorUSNM599167_LM1,417.4067988093526,-7.212887807846865,22.759020686809222,-15.648028600987686,-6.414204589167727,14.94859613880892,-21.116758606633326,1.084450371622066,-16.69394840684581,-41.12511718853142,-10.955353542821097,-26.5236895979626,-1.1744503342926853,9.948745853942995,4.690170917204591,0.5658365548277424,-11.618311195794771,7.65868223020647,19.15388488689276,6.510120973154236,4.9175428643850125,-7.961889958854891,-10.549007504311861,-6.628254414676517,10.239059032632596,-1.0263613496223332,-0.5589705855232159,-14.200959181010003,8.217121549196605,6.31763253499019,3.718069906006712,15.161088073213035,7.020789374764444,4.496801409718646,14.067457704369714,4.080725190582721,-2.517176357681719,12.558035113996237,-8.037022986688989,0.1340444115240358,7.494730513988898,5.821490691445357,-7.034084080362128,7.417440548401785,-3.6878185809478774,3.5917173357726497,-3.1471759606289775,-3.516652225939211,5.741261624822831,2.602417865978099,-4.751763991148075
panUSNM084655_LM1,352.12561471585656,-7.172048385502584,38.91460225617935,-25.11878012316624,-0.8305501423916777,-2.320421083284347,-9.25250753476913,3.4312828734826883,-33.82984606682298,-42.200873766515635,-16.24326132526573,-15.952739237979715,-1.6157422395025347,12.119300976554868,-3.4659085684349735,2.291893175577568,-18.022825009627816,6.541407680859609,17.6382929978901,6.9162850072825615,6.507345593250694,-9.319688088310958,-4.860028167762487,-7.586971096382438,12.664164292713261,-0.05064310346448209,-3.989392573535375,-17.802928346882585,9.423060579704785,6.475527578842167,0.21207702187844307,15.291161538501706,7.282299764739458,2.723307212508504,16.35950461041204,6.045962164135661,-2.8793385659872963,13.40585225466714,-10.590127661858704,1.4052667733556439,9.496347394411758,7.352418769500484,-7.6225532076323805,9.79123681534774,-2.547286779943657,4.072988134419475,-3.7909964268830443,-4.434759355455304,7.775684835592088,2.447112137446858,-4.7517639911481275
panUSNM174701_LM1,330.91225452495024,-17.81095005261677,35.26250390515988,-34.86168546604181,-6.271339030116495,0.052177416897831064,-14.779247123391581,1.0526468590630285,-33.13485766965417,-36.517727247653355,-12.010930830898586,-24.35022171904456,0.3533447230587784,8.058175812277717,1.0301027078848455,0.9100927846264064,-13.81800120674665,2.5494529406690356,18.17859017857135,11.078194397325612,3.6279528449288367,-5.9369605395064795,-6.725442001083661,-6.987787048332308,12.727417519946552,-0.7844151527631906,-4.4670691611184,-11.948481129175333,11.614744489202181,4.574554368364348,1.6979378942311265,11.697958188727227,10.005687712415838,3.9146287177515413,12.796487984575318,4.22226775485059,-1.114087353204725,14.983322784684566,-11.736042583751157,-0.6739898034891731,7.293324548984563,5.205650890741792,-5.64344641670514,10.776847204666618,-4.521088435477573,5.4624874329682545,-1.6247569044780674,-2.1484899183676798,5.1420690694625115,2.0944906450738503,-4.751763991148463
panUSNM174703_LM1,327.7164984804735,-10.473340977066663,30.02271551074228,-26.137494071631252,-1.352070736492342,-1.5830466835393566,-16.785251192858393,0.6248539314149721,-30.80519518060125,-41.498210871886286,-11.721388047011043,-18.756779674921127,-0.1458545399758507,11.601862147535599,-1.697591810194839,1.6415581244937174,-10.78952083592931,4.764271492649008,19.352227168188996,9.05463097251358,5.820108002498083,-2.0950158192555453,-3.4766155975946873,-8.840302718425619,10.426142792809424,0.671949477944586,-1.9996846824641588,-15.883724258821985,11.719255778267641,7.7460095162224505,-3.839306095936461,7.389000430483932,6.688646238094622,6.102923699892894,15.29027983690472,5.971704652191499,-1.3335122891546045,10.548451309919269,-8.093694087607066,0.4106945809420166,7.672882467211586,5.576123043849225,-7.004951099128487,7.276209928792804,-5.369228337279878,3.529342073065996,-3.923434449227435,-3.94833785180801,4.953099867068352,2.5525009011119004,-4.751763991147918
panUSNM174704_LM1,367.4719762909344,-3.096367700394528,34.55433119467651,-29.039023410084607,2.040749670394878,-1.4985678744187017,-9.352389190999235,9.364086746206585,-32.210828034637466,-44.4931124362288,-5.258698027849422,-15.252513768940567,-6.441137154995314,10.567269557328265,0.8144075695441257,0.12871792770822651,-12.921454950954116,6.752900895166157,18.318032986299464,5.684887588898238,3.141817456910019,-4.75619090318467,-5.26606977421952,-4.010943079442159,12.196647690233686,-2.510365705549299,-2.7032704847762767,-15.90623099991069,9.306930640420171,7.62572202895132,-3.021918956666797,13.4931737998349,7.939738932819237,2.6050526654831763,13.7148447891487,1.2973396607685472,-1.8236310306554928,14.354287276716205,-8.023267019535254,-0.3580665052267946,4.963605440861079,7.2458096478258005,-7.244488317129911,7.229911009993869,-1.6983141413446887,4.649261823605876,-1.7376244740427036,-2.5848738161558984,4.914502409436945,3.807496528786603,-4.751763991148004
panUSNM174707_LM1,324.163639626437,-13.706743539918502,36.91692644684771,-19.60007514212099,-1.344456799551164,3.81414592643712,-12.399124820326886,0.8467069081413521,-32.83618126375291,-37.52202760579667,-11.302237107494223,-17.490328304889697,-6.3600715909621295,14.364876522308663,1.7837650045151068,1.7340984651405875,-12.946581437823,7.259542054146688,15.151704783581646,7.802122730384516,3.0866978021685068,-9.929415608149993,-5.713780757655791,-2.955840583716358,13.262245139240287,3.075388070606307,-3.090706600690769,-13.803872675340896,13.083048854580284,6.092502237095013,2.949131387798816,10.484633445414149,8.07670417905471,4.047451588409083,15.242722323933458,3.2779280185127506,-1.9276434709387353,12.03028815216273,-11.643829420504549,-0.5577764009823656,10.973401543772596,6.548390507163987,-7.342302870156855,5.178997217099517,-4.183815861503644,5.709373513373427,-2.381235554899633,-2.3861868222380447,5.959705970362526,4.359584370652121,-4.7517639911477865
panUSNM174710_LM1,350.9684861683848,-8.819753247403838,24.764576482115867,-39.07154558701632,2.2009964172365972,-2.179841118695421,-17.26852725114559,4.079941633844952,-24.76976918127171,-37.22566378271054,-12.569566924603844,-21.327000361418623,3.1593053646866025,16.10274927264929,2.9944130241210596,1.8331248013363373,-13.410475252497198,3.3774091586643564,12.027156515030576,8.133841032190361,7.42247750515753,-8.253867180486392,-6.882137211752932,-4.92721020810381,13.837186434546435,-3.9210142422661596,-3.2344569535795813,-9.528215011758865,14.17248778598225,4.6000398010476715,-2.1113625642155425,14.724056883828917,7.055865777529321,5.257897858079099,17.73704131899123,5.917614430866764,-2.2979961252780403,13.220183543913368,-11.176749683368088,1.7821291803721935,7.4648414893942485,7.331220160445181,-5.889266718482706,6.911236204843598,-3.017367370946958,2.3220232630981164,-2.4166974715770806,-2.934330450121604,5.171158478174724,3.745806301195304,-4.751763991147933
panUSNM176228_LM1,351.71997356886794,-19.232446766526035,31.497871554234468,-27.405516785915115,11.624889931584587,6.10387975352703,-13.865322217678475,16.363941850212242,-34.47783981514325,-39.088065535842105,-15.875149201985236,-20.502873297592622,4.701919168189692,13.57951946423131,3.4512274455076732,-1.0227897883088142,-11.656409794746546,5.221040736929593,15.693461401704374,8.02792844787824,3.853613424963323,-14.270739915589184,-7.467371029120871,-8.162877211814772,12.823931421618319,-0.7379697882836652,-0.005145059804315788,-16.28164594102213,10.720193776212225,5.008692050618823,-0.41609146911717976,11.96000102452318,7.124374186664726,4.527524416715654,16.89810127181172,1.3373810645205284,-1.6947263106575137,10.446545164919549,-10.366251047793389,0.051194470529413616,5.722503096995386,6.070516455490905,-8.639314397462133,8.667051881184733,-5.177185367115388,4.0682642306830665,-2.949397899422341,-1.3612918321503673,6.334120858348804,2.6559851694943135,-4.751763991147951
panUSNM176236_LM1,291.53028644172304,-20.077194940605896,22.986327947627146,-23.785055645390493,-0.5896750578379573,1.8586412741331615,-16.94975808724586,1.4001443874102752,-28.489897774894427,-42.42039507690101,-11.362445917588197,-18.884657241100165,0.928934104423744,11.35723613046833,0.6493260790559118,4.345956773188742,-10.073531743460972,10.660863809977183,13.740282000206987,2.1034324626335463,6.772327070002434,-7.2712445544357225,-5.2822520213406134,-1.9432449226187078,14.939856651456894,1.1541029420597082,-4.627327431280803,-13.522641242075608,12.727443343277287,4.755302926590043,1.48069925560038,8.823316072587293,4.09074827139806,5.468482058473689,16.02978656400611,3.441117437616723,-4.374713163643965,12.381117612910328,-8.122318844654295,-0.6164143218942901,7.95015944331943,7.470582197907469,-7.875168505578301,9.682046166789982,-2.5944133436650705,3.539863833778356,-0.9482732000664265,-2.161315873272473,5.81478768714333,1.2757438577135432,-4.7517639911482945
panUSNM220062_LM1,330.9681052802475,-10.556365313894789,27.323450494078763,-33.32596463563829,1.3086175926196066,-4.233802242702968,-11.937996910317008,0.5823362224264613,-32.2585591265779,-33.865665479308575,-11.139599998162018,-20.303884325679867,-1.682249872104645,12.471036886928177,-1.496537136530392,4.057901013679622,-12.25085750670863,7.980796633853078,14.589460336730534,3.8762793549011283,4.71571475060925,-12.07512754161961,-3.343652718511974,-5.868756273186785,13.134856752973182,-5.036582124283264,-0.4753384097829274,-13.632284718133466,10.071178597117786,6.877228235288439,2.927893092450896,12.036537603632302,7.243262692144983,1.96570333669076,13.043498912360892,3.880693161097591,2.1508815910819647,10.964760567144808,-9.035930586827277,-0.49641105232939964,9.3153235158195,5.671734052056663,-7.931187160533692,8.24534196235645,-2.251724810105027,2.8070013259446944,-4.254456809267639,-2.1710624157249496,3.9922427467626225,2.05045058418162,-4.75176399114822
panUSNM220063_LM1,330.60570178208815,-9.304178374934445,34.741352355807486,-34.555001544450555,2.4900619609193235,0.4580560420821995,-15.848655369249496,5.800924822208979,-26.563114462131804,-37.20555639286657,-10.912535693876272,-21.730796316864385,-1.8662515786543155,14.16723388122813,-2.40227076753707,2.341685515350239,-12.991292484325001,7.307235468084818,17.31310431346953,12.54174300037887,3.0608370122240753,-8.99187564742653,-5.164085897909463,-5.08612665107116,18.143590911837283,6.639229286838582,-1.735300002015928,-17.047077364340097,11.78664257228448,1.2544040912612904,0.4511626758014933,15.048005456318705,4.707326531419906,6.311674072918381,13.322356134651969,3.2802817371909585,-0.9531729872890544,12.084228518097214,-8.862529804721863,2.6427943856243754,7.646914918078352,5.69897864658829,-8.268896887389527,8.502570063381786,-2.863663514574945,4.399431066240854,-2.6095218342157205,-3.8478453619070594,3.7906241062469066,2.906653549554657,-4.751763991148263
panUSNM220065_LM1,346.4862593902764,-15.542787444686796,34.51151732128602,-32.698473823941164,3.6067123095706117,1.7692600709177053,-13.593934012819112,7.252027672694725,-29.744430497922977,-38.30690965793258,-11.658671843244777,-20.5174368430454,-7.068093593637607,13.488076546656707,6.1528888539332875,-0.17849679295116602,-17.01346358861513,7.326508465569216,20.52678206936287,12.233412368270153,5.091071871214092,-9.224799903864497,-9.56611880454198,-9.868680980125758,11.648019992764382,-0.6868648043349161,-2.4493185120215486,-16.88707297051093,11.82059413055904,5.71834337793212,0.3773399048777848,9.3377944478171,6.983672154040377,3.9597307685695546,14.09243245889891,2.8346191477059786,-4.435075816499025,13.022152969980482,-12.488771785629805,-1.4575308951353285,9.33712613222501,6.741202399419095,-8.360573586081728,7.920413057202248,-2.2239216212509643,1.3300791890861365,-1.748597363578952,-3.7288564423831625,4.201791739677281,2.1750118504408307,-4.751763991148401
ponUSNM142185_LM1,359.71366672154363,14.717432056613193,20.82338100559969,-19.26828091797334,-4.287441444071648,4.37534378810729,-6.913232934783469,2.0086759380794867,-34.29663352737799,-34.14623521302907,-16.791259139402452,-21.082665117367615,0.05428256817765503,10.138882361138027,-1.2877375437450058,-0.03789681244301675,-9.670209731780156,3.5397527490156167,20.769411151307267,8.290184689297666,8.706161717720118,-8.11993743608455,-5.167867877181482,-3.8897998816345805,12.645211846922995,-2.4884949568327253,-7.695444156232892,-13.423769609855041,9.397346304826145,4.268626677273957,-1.0199980041473005,13.365988851307938,7.040586908836586,5.675431523512455,15.147323749292699,4.396520899809818,-4.925596308068404,10.739062431721244,-10.905690724106236,0.07540251484448768,7.674441058785775,3.164660534875464,-9.702750661738456,7.779394727964329,-1.9671356063635064,3.979540441954964,-2.7780295122011447,-2.1420278357622524,4.690490879144385,3.203819117291774,-4.75176399114813
ponUSNM142188_LM1,404.84639335872833,32.17762752607193,20.232336987939778,-22.40676341309969,1.8416167769961476,9.283823241730873,-3.9471446058160424,1.7949033276776738,-32.36274103403326,-34.98357711937415,-17.913432939924252,-18.66709289568133,0.41537759009615216,8.971059087358801,-1.5587818283661008,4.057878428297326,-16.630065593149098,4.305578546961897,18.26554291524728,10.256184454020168,5.540666927281424,-12.397386419187244,-10.6532636187725,-6.551942686767795,15.518728298449961,-0.7332077977681533,-3.1363630985747157,-12.255232506200988,13.44160515966823,8.113870033905489,-2.155512204718991,10.655325299186002,3.7312626963812994,3.924312130723541,11.575100298226404,2.4802760151595833,-0.5558553299742197,11.29053468701456,-8.58515846465209,0.9503273535913122,8.048138351486774,6.816396919036002,-5.753179766565083,7.790332494538005,-3.1302376562518637,3.7492710252532087,-1.479657812179283,-3.453326259809555,6.097758666785086,2.521849314305478,-4.751763991147947
ponUSNM142189_LM1,422.2026320115098,50.61948133941147,34.25553376399131,-34.52626707743313,1.0728078430369266,-0.19022667084109246,-19.993782643985703,6.33259818457863,-31.408752361366925,-44.39386966753751,-11.636683203268575,-18.084233397331626,-4.867679501003371,1.0007867055502695,-0.9571952721499128,0.1657220851213585,-9.039235976060716,9.16077382394716,14.23955182590644,11.347971092182755,9.148084139982364,-8.346808465174696,-5.17160033982718,-4.544766191319724,15.332384946430851,-2.5182616435954808,-2.1338659704167515,-16.061714654041786,13.403663100773745,3.9568869896061463,2.9643683024034617,10.805796222444455,5.129821522850839,3.212690847635633,15.419721424143473,3.204215455177263,-1.8704753718347076,14.473953279558458,-11.501547976149386,0.6689359671885657,6.961792015837224,5.248990840882145,-7.607486204723311,7.018193155515212,-4.041026370710008,3.365451888892298,-3.4701167643059434,-3.0507991108699124,5.882858896393134,2.334639261948667,-4.751763991148079
ponUSNM142194_LM1,418.5608132833101,37.00896350595529,9.453476702990075,-35.27361653588212,10.733502281257852,3.9555501028780053,-20.58803894704013,9.0375752064302,-32.625578706921324,-38.28718135878579,-18.399743361222725,-27.240757507657385,-5.736529922751515,14.853006624684376,-4.024079891824181,-0.5710752012168777,-3.6800816232206754,6.293917020469749,13.511050930365286,4.487843478928202,4.215348571529323,-7.470819650314798,-8.818125938005114,-7.37902861492221,10.96179094633091,1.9899743392523335,-3.362292236968435,-14.799121509402402,12.227597902636933,5.59402142200398,-1.367099620061074,12.148887263270556,9.233301564325373,4.189953226347667,13.679882552839455,3.9205527385249264,-2.8337334209486857,12.073706017973254,-10.226733012122995,-1.0855432237148435,9.291628813499551,7.7237518672263095,-7.02844593128114,8.87128508579443,-2.391611187162737,4.813338558544862,-3.118753126792681,-3.558136305395359,4.989982743844,2.6829063795545216,-4.751763991148295
ponUSNM145300_LM1,333.2432346575331,19.167768250576216,29.409873886385245,-29.51799195232608,-13.322426892967613,8.94137857273613,-14.983952588315052,7.343769308615225,-23.897422395165364,-38.82687369791395,-9.339759274744328,-13.795451386448168,1.5409558173970832,10.594855156703625,0.7382136140974938,1.3828261454091983,-11.248378577104695,9.342404422685734,14.098863741611103,10.125255472364145,10.211332386492275,-12.346904944920194,-6.723673810600965,-6.433741272600542,14.389612953714018,2.1430825223777488,-2.7606367660007938,-14.016366545732799,5.60583643775296,6.906696556587447,-3.3321689753256383,9.87781688628038,9.897456659445998,6.604361201583327,14.80625549692017,2.4742389950923362,-1.1791445213121632,13.548117981504237,-11.325380783942038,1.410317027403945,9.307190012026775,7.566546718196111,-7.16256545087509,8.499155288774741,-2.711002671104036,4.053761024793892,-3.412415993239727,-1.8712024183845457,4.782993782886948,2.399681560956897,-4.751763991148499
ponUSNM145302_LM1,367.69368090926275,27.095440161894498,24.49732725274872,-31.264021404514207,-0.27061678155890156,6.852039676074382,-8.422971253561228,5.968216971741507,-30.647952260289564,-33.11626009941937,-6.789588812163537,-13.424445154633258,-1.819653768400777,16.127829357740175,-1.5990842703235164,1.649697719608134,-12.438238331586726,8.298562040417075,15.021748557170236,9.131692184308235,1.4348409568478764,-8.766792600370906,-9.680958229052903,-5.323542858825,13.241851390325767,0.8548739532952297,-6.71650659384675,-17.631990873867185,11.588053314786553,8.07417474859981,-0.11110189517807828,14.804155666467057,6.714530104073597,2.3984025200798738,17.721979427913897,5.4443407716807055,-3.2178484716423164,13.66863633778243,-8.69063659421315,-0.5795479122695464,8.478998971443593,5.278479047802966,-6.376271430433997,7.525102142918155,-5.015342674295893,3.596725894795328,-2.6173455417669445,-1.8945446004237207,4.081260012465782,0.9497766506636757,-4.751763991148348
ponUSNM145303_LM1,341.8862867663336,16.05209545707589,17.31083347413575,-38.505297911329684,-11.915215892540518,6.944466986275249,-12.146264822483875,7.29732276657914,-32.90127526554129,-41.63568727292821,-16.885320212170523,-18.971344210928983,1.588910286339011,10.447048071945966,5.9290919804995585,3.896643931841132,-16.355076396538767,9.442474740689471,17.422819681435737,3.7967435280316124,-1.445154280451721,-4.0610910633898385,-9.247148936529552,-6.633752636784849,9.339928557382416,0.40070783881185323,-5.648899397193644,-15.637927758640405,14.138607208218584,3.261697165136595,-0.5163402046488591,11.881723452418667,6.527241285635716,6.62929497437235,16.090196908105053,1.707033109253132,0.9748629325393283,12.999563062740881,-10.786632769787351,1.2099341041527512,8.492274745017845,5.360364750323264,-7.891194189024882,7.557373237211213,-2.0504594360640067,3.8113559515909,-3.6605520686340838,-2.5255714605527237,5.786648666672004,2.2456559307846953,-4.751763991148461
ponUSNM145307_LM1,377.1264886353584,29.016626633257076,24.140310430235427,-26.441842287619927,-3.0465608647255245,8.180119278519706,-18.51262013556904,-2.1555614626423045,-27.581525971923163,-47.96549461521445,-11.99540181554898,-20.771890831427623,2.5105660345890985,12.087494699495084,-2.9402800015565993,2.6508018580283332,-16.41495106066201,8.41197759637147,18.222072264020778,10.97861381362332,-1.7429443645975151,-5.9329079620406855,-6.263640826979255,-3.9465119566187643,15.977281691546871,-2.612889653309851,0.24621601081125072,-15.286960427012469,12.523657715906655,4.801072152431264,-1.9503844849817669,11.82094053570239,7.7368907927281825,1.4133947268446616,14.683578863271052,3.777320301510404,-4.17853502946008,10.421021882346075,-10.7344789284119,0.4809195314950838,9.38162863819072,6.92045259262618,-7.81300730206234,9.675771328135975,-3.5243314485130406,3.2705997151522013,-3.245595063126663,-1.0250923413264317,4.821598609237619,3.749502042342115,-4.751763991148033
ponUSNM145308_LM1,388.73967247636796,28.43909873347831,10.768457341714718,-36.454047946530565,1.2864395654611087,3.130995338382667,-17.6213574017973,5.0772887501248505,-27.339794468704454,-34.05123868306052,-7.43401787361862,-21.95673979600801,0.4910808432354033,14.578137668647015,-2.8300271662972456,10.82887713284918,-20.611156131273237,5.089798387735496,12.94289665414278,4.427114553606792,8.99739447321834,-5.757025632944722,-6.454084869534822,-6.673798770481626,14.23226802151784,0.1313884081671175,-3.0249090322183774,-18.865822524302974,9.795096912068706,5.837931613443156,0.613761053695362,11.744357826750385,8.310464809922507,5.927186614136048,13.539867414466794,3.138212804527921,-1.81285445949512,12.854474850542102,-10.29377190942614,-1.7803058060647405,7.7143523255524755,5.029835194412031,-8.516161872177571,8.269268832154612,-4.3747532649771195,3.191733722461369,-1.7328833815326063,-2.7320685023951508,6.113439794903623,3.969995921752983,-4.751763991148012
ponUSNM145309_LM1,348.6208588090925,22.406426853276752,25.287074169684647,-35.4881605676537,-7.799635240194897,4.825098017994005,-12.644206562220397,8.545479569504943,-30.737104379644446,-37.08162006832514,-8.37550477103075,-9.34682653385381,-2.487532360440643,10.429698201634633,-0.6957932660065578,-2.6923760476405434,-8.454698616641199,6.097795927989348,20.736340165178653,8.552026015095965,2.638430084394521,-7.424493904274441,-7.531563014149378,-7.7963596049219674,14.674912647092542,-2.925856721753217,-3.044535555059416,-13.246866273153756,11.295837499287394,3.4071966811446406,1.8445130760707609,13.694947141858655,6.479864872662115,7.657445944463338,14.205552837182502,6.4018426310405525,-0.0653233797090099,11.15645189526896,-9.167024294941532,-2.2797712778976433,8.836873144730859,8.508976730770597,-9.037708774007127,8.930979987200367,-4.213807872551195,3.1644871267063692,-1.7358652980451814,-2.8778592208808873,5.927701448645844,3.536457450741088,-4.751763991147868
ponUSNM153805_LM1,343.0412092030633,16.924465633060034,26.87552024036549,-40.76186436621686,-7.201861755618988,-0.6504342444684453,-13.628721586967405,5.279358297181621,-29.596550695159774,-32.32675096380803,-6.007160536897217,-15.086416159611545,-6.13452490760938,18.103336789596927,-0.11444548905612972,-1.4241068317778913,-13.216699166428796,6.355903766565083,17.096647867246666,5.413888439012596,6.57672913746138,-5.789396430925531,-11.796585408370388,-2.050933806045385,9.947190747415455,-1.3565148613653113,1.42165288449289,-13.641069770806737,11.082631101242455,5.120946201753958,0.5216306191633782,10.649136510009171,6.3965072851714515,2.9982176402371,12.835527777020308,3.814165349943384,-3.5851157473327455,10.173842974439502,-11.422549148044888,3.7751352817498813,7.279757865570548,5.827950997814251,-8.333767292006847,8.684690539312234,-3.8285198414443258,4.505211067615961,-2.6450596379335036,-2.9428234245157054,6.1711521958346935,2.040405490452443,-4.751763991148163
ponUSNM153806_LM1,409.0350030603781,51.50370619092285,29.326684738660575,-23.437017971700246,5.7742487722678675,-2.3538865602962042,-19.49319979603086,9.036943338748717,-24.95270271214058,-37.35199567525673,-10.961799365579743,-17.42457206852142,-2.24447006536373,12.983819413240921,5.945698399663616,0.1987921426356391,-19.228625084740433,-1.094617103796089,16.48798781579956,10.019382023007385,0.8804739721661597,-8.777213991017115,-2.9306547464293793,-1.2837807022094114,12.456942302753774,0.9067864182194331,-4.2818921269328225,-11.151468353543864,9.477138648441315,5.166013869417444,1.2539185582282444,10.107663341036998,9.046781503990124,4.388764440291271,16.771592454144866,2.9121903081531606,-1.3971432320338373,11.56432074043198,-8.431247958089,-0.18666853305844233,8.329377973531024,6.420412910593891,-8.428075369828964,8.767056117988547,-3.027506329999977,3.90738221932328,-2.825458706972204,-3.963891540379718,5.3902425371787075,1.8133952751915539,-4.751763991148247
ponUSNM153822_LM1,333.74279826397253,16.70240991201177,21.273640954004684,-31.402731059187545,-5.271587731493719,8.749769289854692,-2.3330219368523,0.20953914681732344,-29.241477584504246,-34.772125545442655,-11.315640633857935,-16.110948207000796,2.236577644582084,14.946002890139932,2.9510874746385856,5.373487791229958,-9.950217611186321,4.692014326367023,16.908399360356363,8.377526212985593,3.6680160914549775,-10.982183676353914,-5.993825005602094,-5.6285299988783635,12.612800700088732,1.820372237396153,-1.5848019697518607,-14.170738924481624,15.188925380559128,6.096326329029491,2.544592741695382,9.76635744240103,8.392829471344067,4.010500425889392,14.144281797136156,4.025159255531513,-4.277976758711534,15.279336689932487,-9.250500925627147,-0.3800332453193148,5.284263771261251,7.458338082894515,-8.61478189656419,9.04696462926222,-3.179647553560385,3.5683701139155994,-5.045623529620303,-3.6303810501751657,5.029066705389053,3.6666537387152354,-4.75176399114808
ponUSNM153824_LM1,336.5099764526966,17.184238865144316,21.2060473425463,-28.57493317551078,-3.9702814343589488,10.087404117579958,-9.00395108916343,2.8754990892542684,-33.733775007030424,-38.68628911386578,-8.8572289071036,-19.699505202038544,-0.9244249676735334,12.112990712560412,-2.4832480355937423,-0.5033210536259897,-8.82646213240547,7.9819512692876025,13.427774158276993,10.42103838897829,1.4828608970556116,-9.015368757790045,-4.394597168029035,-7.07752571195053,12.186304538900341,2.0175654710646405,1.6972656241159763,-15.065140609515963,11.659347443772251,6.697181666688902,1.3991715289782054,10.714351365991094,10.853802528979159,4.205882234609587,17.236026592720634,5.071761676114764,-0.8920361326689061,11.848348187659262,-9.451544222982326,1.5167358667922595,7.441280046563437,3.8315647100094576,-7.072879492734195,8.501909791264403,-1.6011416202052515,2.280849985369326,-0.38459284675490363,-3.4977928981046773,6.318545045748204,3.015022957312902,-4.751763991148235
ponUSNM153830_LM1,355.2420441863454,27.326537357873047,19.137335337290704,-28.73640620896255,-8.658873876512281,5.700155327277561,-12.672328573862206,2.798330237830607,-30.607977108995442,-36.295522816043245,-10.804175056580519,-16.21744599738694,1.1833247675662828,13.261012741542391,5.643466715308071,3.201648189587781,-13.288916466964281,7.876650585351299,14.904979198950512,4.922218989451835,3.290157751377029,-9.391114762964081,-1.7975421155603803,-9.742760139244378,13.677972042605338,-0.3853112208505488,1.8530192954478109,-13.824969239824972,8.966414003413565,1.3558580721531805,-1.9632487415420268,12.39500067236095,4.088959784003206,2.171224423840001,15.591113744180312,4.583797311309273,-3.1848112492795044,11.421116571407827,-12.225227316143254,-2.4543382168851022,7.165829231489451,5.824922869944926,-6.401852946843146,7.702591165897923,-3.0661012376844123,5.400053008876845,-2.183396708664466,-4.324389217320901,4.906742348821814,2.225469401275491,-4.751763991148055
ponUSNM197664_LM1,345.0909838361882,13.901947062054559,17.931351792792082,-26.729994285009397,-1.0724055229876566,9.762829867197086,-13.66922053532096,6.480368172226008,-41.18525804457023,-39.42479793503994,-12.853533382472413,-17.751119903206575,7.69347338265771,15.37262329791649,-1.3365191630684823,-1.3068965068795337,-16.2642529072414,8.747547326005089,16.02675979044531,10.145857535510032,9.631031601624692,-3.5671880918557517,-7.919147142393901,-5.71297878577482,12.87385388000799,-3.905901755568888,-2.0736175341435965,-15.177750414194374,10.310252026001562,5.313590181159358,4.5665698656580265,11.408804782034366,7.671248754778194,4.369637552793678,16.997926695180507,1.4097254461474895,-2.0236009798181716,11.911339279256365,-9.097751072306986,1.0818062814565552,8.59539327295126,7.5091993736005875,-7.001189668690272,8.417475594542163,-3.382283218808168,4.755358070344483,-2.3187214788664354,-4.480807405286054,3.5649256254871755,3.1481247093822864,-4.751763991148099
ponUSNM399047_LM1,332.59972145570845,11.487647336320942,24.262567320655055,-28.183382776500842,-0.24161766321527978,17.42453754693324,-12.17017635012405,10.158210314196456,-30.141785262369993,-40.351136216002146,-10.804990268798283,-22.09187802421943,-0.8176868106025801,12.017277027509563,-5.115875820179696,4.05730489700015,-13.109428156997335,-2.809164425536845,22.27671154565819,3.1392501165985345,5.716596950431614,-7.809581649418829,-3.5252888861672007,-6.6591755914366075,12.836967377944823,-0.2572253712810556,-0.9016406403088972,-15.740963872536227,11.308115043460674,2.840375237365145,0.9541329216300789,10.572982529059846,7.10910849368023,2.529434288374074,15.390222094637593,5.578452408273763,-1.1373561944241544,14.574688230197777,-10.90297860251303,2.3173907878895914,8.483167180399365,7.964076913979119,-8.365542214768444,6.713894394843911,-3.3169008049993023,3.6904044318957547,-1.80382189894866,-2.0558466830651043,4.743650550079263,1.7292078107614561,-4.751763991148175
ponUSNM588109_LM1,381.6708482709853,28.719042443670435,36.22397251615769,-25.00899244616011,-6.838032011593501,12.955058339091758,-14.126943372071795,0.5462697217839794,-27.67229786276368,-43.53000786736408,-11.975890242426475,-20.013851428313778,-6.145983289533731,20.259694124937933,5.380397657465469,-6.443401627450208,-15.363949309608083,4.9447215282382295,12.205560508045041,6.857925434169298,9.090652341087322,-9.10467408931256,-0.9216913626712746,-8.529320022124175,11.380383790223712,-0.7709087176404121,-6.028180112365719,-17.487035811039185,15.036181169766932,6.837762644819485,0.6366596222017964,12.288840246476434,5.538426790927952,4.265587323034997,13.439142860080004,4.230487677997747,-0.3461007909818881,11.610929139917062,-10.204975991596656,0.9082353672818574,7.23783707187353,6.320692925359579,-7.666912437966745,9.457372716295543,-3.358924636400059,3.975638185075096,-2.215563546298713,-2.1035153469949046,4.906836127165606,2.963819692281185,-4.751763991148216
